Product,Category,Quantity,Price,Date,Customer,City
Shirt,Clothing,6,1607,2026-01-10,Kiran663,Chennai
Tablet,Electronics,5,39694,2026-01-13,Meena327,Bangalore
Shirt,Clothing,9,1542,2026-08-10,Meena206,Bangalore
Tablet,Electronics,4,48255,2026-09-23,Sai555,Chennai
Shoes,Footwear,3,4556,2026-06-28,Kavya108,Delhi
Tablet,Electronics,10,20159,2026-06-15,Sneha586,Mumbai
Tablet,Electronics,5,46569,2026-04-28,Sneha802,Mumbai
Backpack,Accessories,9,1772,2026-07-14,Ramesh583,Hyderabad
Smart TV,Electronics,10,39177,2026-07-25,Keerthi435,Hyderabad
Watch,Accessories,9,6547,2026-05-02,Kavya412,Delhi
Laptop,Electronics,7,39392,2026-08-08,Nikhil240,Hyderabad
Saree,Clothing,10,2344,2026-05-19,Kiran313,Hyderabad
Tablet,Electronics,6,21608,2026-07-26,Lakshmi668,Hyderabad
Watch,Accessories,7,12689,2026-04-24,Lakshmi200,Chennai
Jeans,Clothing,9,2241,2026-03-21,Suresh913,Hyderabad
Watch,Accessories,7,14280,2026-08-23,Sneha261,Delhi
Saree,Clothing,10,7913,2026-06-13,Lakshmi448,Hyderabad
Jeans,Clothing,7,2028,2026-04-19,Sneha490,Bangalore
Tablet,Electronics,2,37619,2026-01-11,Anjali798,Chennai
Headphones,Accessories,8,8217,2026-03-12,Swathi956,Chennai
Saree,Clothing,4,8088,2026-05-04,Anjali180,Chennai
Phone,Electronics,8,38247,2026-04-10,Rahul797,Delhi
Smart TV,Electronics,7,61462,2026-08-05,Divya630,Bangalore
Tablet,Electronics,9,24426,2026-04-23,Keerthi160,Bangalore
Headphones,Accessories,1,2517,2026-02-14,Suresh390,Hyderabad
Headphones,Accessories,7,1743,2026-01-12,Arjun829,Chennai
Laptop,Electronics,3,45453,2026-07-27,Anjali683,Delhi
Laptop,Electronics,9,75939,2026-05-22,Suresh451,Delhi
Shirt,Clothing,7,1121,2026-04-22,Ravi771,Hyderabad
Shoes,Footwear,2,4140,2026-05-07,Priya521,Mumbai
Backpack,Accessories,5,4619,2026-04-29,Divya824,Delhi
Smart TV,Electronics,1,69166,2026-09-19,Ramesh129,Delhi
Laptop,Electronics,9,46726,2026-04-04,Divya758,Chennai
Shoes,Footwear,8,7088,2026-03-24,Rahul383,Hyderabad
Shoes,Footwear,4,5766,2026-02-12,Swathi899,Chennai
Saree,Clothing,4,4874,2026-06-11,Keerthi492,Hyderabad
Watch,Accessories,1,8765,2026-06-24,Meena694,Mumbai
Shirt,Clothing,2,2785,2026-02-26,Pavan928,Mumbai
Backpack,Accessories,10,3825,2026-09-12,Keerthi696,Bangalore
Phone,Electronics,3,50354,2026-01-11,Arjun189,Chennai
Laptop,Electronics,6,77079,2026-01-19,Swathi861,Bangalore
Shoes,Footwear,7,3637,2026-09-16,Lakshmi339,Hyderabad
Smart TV,Electronics,7,73862,2026-09-19,Vijay490,Chennai
Phone,Electronics,9,11099,2026-05-21,Sneha161,Chennai
Smart TV,Electronics,3,44608,2026-06-10,Kiran325,Mumbai
Shoes,Footwear,1,2275,2026-08-20,Sneha710,Chennai
Laptop,Electronics,7,32115,2026-08-19,Suresh963,Chennai
Shoes,Footwear,6,3042,2026-03-22,Nikhil774,Bangalore
Laptop,Electronics,7,50611,2026-08-09,Ravi620,Mumbai
Shoes,Footwear,5,5070,2026-03-08,Suresh836,Delhi
Laptop,Electronics,3,33600,2026-07-19,Ramesh353,Mumbai
Jacket,Clothing,6,2383,2026-09-29,Ramesh405,Delhi
Jeans,Clothing,5,1848,2026-09-01,Sai563,Bangalore
Shoes,Footwear,5,6174,2026-02-16,Priya493,Bangalore
Jeans,Clothing,5,1722,2026-01-24,Divya385,Mumbai
Shoes,Footwear,9,4664,2026-08-19,Keerthi641,Bangalore
Jeans,Clothing,5,2261,2026-05-23,Divya861,Chennai
Headphones,Accessories,8,1010,2026-04-20,Nikhil257,Hyderabad
Saree,Clothing,5,6448,2026-08-29,Swathi595,Bangalore
Laptop,Electronics,10,68266,2026-08-29,Anjali119,Mumbai
Shirt,Clothing,5,1789,2026-01-05,Kavya231,Hyderabad
Backpack,Accessories,4,1824,2026-01-30,Swathi543,Mumbai
Shoes,Footwear,10,3350,2026-03-28,Ramesh263,Hyderabad
Jacket,Clothing,1,3852,2026-02-16,Manoj346,Mumbai
Tablet,Electronics,9,27102,2026-08-24,Pavan177,Hyderabad
Tablet,Electronics,8,48153,2026-01-14,Vijay607,Hyderabad
Jacket,Clothing,7,5898,2026-09-27,Vijay158,Chennai
Backpack,Accessories,6,1551,2026-01-18,Pavan843,Chennai
Watch,Accessories,8,10354,2026-05-20,Priya662,Mumbai
Laptop,Electronics,1,45889,2026-07-06,Nikhil116,Hyderabad
Jeans,Clothing,8,2940,2026-08-05,Suresh709,Mumbai
Tablet,Electronics,5,21968,2026-06-11,Kavya844,Bangalore
Saree,Clothing,5,7298,2026-08-28,Kiran422,Hyderabad
Tablet,Electronics,7,46927,2026-09-12,Pavan962,Hyderabad
Jeans,Clothing,9,3518,2026-01-16,Manoj469,Delhi
Headphones,Accessories,6,7157,2026-09-04,Ravi894,Mumbai
Shirt,Clothing,2,2800,2026-06-16,Sai378,Mumbai
Laptop,Electronics,2,39011,2026-04-16,Sai749,Mumbai
Shoes,Footwear,9,4222,2026-08-14,Ravi614,Chennai
Jacket,Clothing,5,5541,2026-01-16,Kavya642,Chennai
Tablet,Electronics,7,34142,2026-01-21,Priya432,Chennai
Jeans,Clothing,2,3313,2026-09-27,Sai665,Delhi
Saree,Clothing,10,4235,2026-01-20,Sai274,Mumbai
Smart TV,Electronics,4,59995,2026-07-17,Anjali609,Delhi
Backpack,Accessories,6,4327,2026-04-25,Kavya327,Bangalore
Saree,Clothing,8,3478,2026-02-08,Swathi604,Delhi
Shirt,Clothing,2,1019,2026-01-27,Ramesh119,Bangalore
Shirt,Clothing,1,2518,2026-06-09,Nikhil517,Mumbai
Shoes,Footwear,2,1474,2026-01-27,Pavan529,Bangalore
Tablet,Electronics,9,30022,2026-09-27,Priya248,Bangalore
Shoes,Footwear,6,7999,2026-04-03,Swathi879,Delhi
Jeans,Clothing,10,2296,2026-04-22,Suresh704,Delhi
Smart TV,Electronics,5,78425,2026-05-18,Sneha627,Hyderabad
Smart TV,Electronics,1,72703,2026-01-28,Ramesh978,Chennai
Jeans,Clothing,8,2897,2026-03-30,Lakshmi848,Mumbai
Watch,Accessories,7,9368,2026-07-22,Ramesh788,Hyderabad
Watch,Accessories,9,14978,2026-04-17,Anjali969,Bangalore
Shoes,Footwear,2,6823,2026-06-08,Lakshmi761,Chennai
Headphones,Accessories,5,6629,2026-04-01,Priya444,Bangalore
Backpack,Accessories,10,2271,2026-05-29,Anjali391,Mumbai
Jacket,Clothing,8,7117,2026-03-03,Arjun481,Delhi
Smart TV,Electronics,8,32913,2026-01-29,Ravi464,Chennai
Headphones,Accessories,2,7809,2026-04-30,Swathi283,Chennai
Watch,Accessories,10,7340,2026-09-21,Vijay944,Bangalore
Tablet,Electronics,4,22850,2026-07-01,Anjali122,Hyderabad
Smart TV,Electronics,10,59842,2026-06-26,Rahul283,Bangalore
Jeans,Clothing,5,3227,2026-08-29,Kiran884,Mumbai
Jeans,Clothing,7,2460,2026-04-05,Ravi421,Bangalore
Watch,Accessories,10,9455,2026-01-08,Arjun920,Chennai
Shoes,Footwear,10,1456,2026-07-20,Sneha425,Delhi
Tablet,Electronics,9,28669,2026-02-21,Lakshmi104,Hyderabad
Jacket,Clothing,7,3772,2026-05-06,Manoj600,Chennai
Jacket,Clothing,8,6462,2026-06-15,Kiran340,Mumbai
Jacket,Clothing,1,2249,2026-05-05,Divya256,Bangalore
Backpack,Accessories,4,2631,2026-08-09,Sai747,Mumbai
Jacket,Clothing,7,6882,2026-08-05,Swathi194,Hyderabad
Saree,Clothing,6,4542,2026-09-13,Ravi291,Chennai
Shirt,Clothing,4,960,2026-06-01,Sneha628,Hyderabad
Shoes,Footwear,6,3014,2026-05-26,Arjun324,Hyderabad
Laptop,Electronics,6,65556,2026-06-12,Sneha932,Chennai
Watch,Accessories,7,3754,2026-09-05,Anjali610,Mumbai
Watch,Accessories,10,9384,2026-06-08,Anjali164,Delhi
Tablet,Electronics,5,21979,2026-09-25,Kiran271,Mumbai
Phone,Electronics,2,54191,2026-05-01,Manoj864,Hyderabad
Laptop,Electronics,2,35176,2026-03-23,Swathi249,Delhi
Shoes,Footwear,1,4901,2026-03-07,Arjun968,Delhi
Shirt,Clothing,10,1011,2026-04-28,Arjun165,Mumbai
Backpack,Accessories,4,1030,2026-08-28,Ramesh784,Hyderabad
Headphones,Accessories,4,4372,2026-09-01,Pavan588,Mumbai
Jacket,Clothing,4,4624,2026-05-30,Priya451,Chennai
Shoes,Footwear,5,4646,2026-08-11,Sai134,Mumbai
Phone,Electronics,7,48895,2026-04-11,Manoj435,Bangalore
Shoes,Footwear,8,3419,2026-06-26,Sneha666,Bangalore
Tablet,Electronics,8,24821,2026-09-10,Sneha244,Hyderabad
Shirt,Clothing,9,2293,2026-05-18,Keerthi611,Hyderabad
Shirt,Clothing,2,1079,2026-08-15,Sai295,Delhi
Shirt,Clothing,3,2662,2026-07-28,Priya351,Hyderabad
Jacket,Clothing,10,2095,2026-04-28,Pavan804,Mumbai
Phone,Electronics,1,53257,2026-07-06,Manoj904,Delhi
Jacket,Clothing,10,4010,2026-03-10,Sai817,Hyderabad
Saree,Clothing,2,3492,2026-07-12,Sneha259,Bangalore
Shoes,Footwear,3,3420,2026-07-04,Priya185,Delhi
Smart TV,Electronics,8,77022,2026-07-12,Ravi437,Chennai
Watch,Accessories,4,2859,2026-04-29,Swathi180,Hyderabad
Shirt,Clothing,5,1539,2026-01-16,Kiran112,Bangalore
Jeans,Clothing,7,3451,2026-08-09,Sneha389,Hyderabad
Shirt,Clothing,3,1545,2026-08-29,Nikhil830,Mumbai
Watch,Accessories,1,3822,2026-06-26,Kavya894,Mumbai
Saree,Clothing,4,7018,2026-01-11,Keerthi611,Bangalore
Phone,Electronics,8,45514,2026-09-29,Ravi408,Bangalore
Shoes,Footwear,2,2639,2026-09-02,Keerthi859,Delhi
Phone,Electronics,5,12926,2026-07-21,Nikhil608,Bangalore
Shoes,Footwear,1,1167,2026-04-21,Kiran950,Bangalore
Laptop,Electronics,7,76965,2026-08-03,Priya684,Hyderabad
Jacket,Clothing,9,5283,2026-04-21,Divya484,Bangalore
Tablet,Electronics,10,22767,2026-07-11,Vijay611,Bangalore
Jeans,Clothing,5,2509,2026-07-25,Sneha777,Mumbai
Backpack,Accessories,4,4356,2026-08-13,Nikhil623,Delhi
Headphones,Accessories,8,7996,2026-01-12,Keerthi807,Mumbai
Jacket,Clothing,6,6652,2026-05-17,Divya310,Mumbai
Laptop,Electronics,3,56762,2026-08-02,Swathi921,Delhi
Shirt,Clothing,10,612,2026-02-11,Lakshmi361,Bangalore
Jacket,Clothing,5,7162,2026-05-28,Sai912,Chennai
Shoes,Footwear,3,3486,2026-08-17,Manoj565,Mumbai
Watch,Accessories,3,11131,2026-04-14,Divya610,Bangalore
Smart TV,Electronics,6,60586,2026-08-25,Sai242,Bangalore
Tablet,Electronics,6,15781,2026-07-17,Priya768,Mumbai
Watch,Accessories,5,7295,2026-04-18,Keerthi995,Delhi
Backpack,Accessories,1,1039,2026-01-24,Pavan165,Chennai
Headphones,Accessories,9,2970,2026-02-19,Swathi344,Hyderabad
Phone,Electronics,8,46829,2026-01-04,Rahul930,Delhi
Smart TV,Electronics,7,70324,2026-06-29,Lakshmi934,Delhi
Phone,Electronics,8,34723,2026-01-09,Vijay119,Delhi
Laptop,Electronics,3,76777,2026-05-16,Keerthi126,Hyderabad
Saree,Clothing,6,2643,2026-08-23,Ravi643,Mumbai
Headphones,Accessories,9,7241,2026-04-21,Keerthi420,Chennai
Tablet,Electronics,7,28596,2026-05-01,Anjali566,Hyderabad
Headphones,Accessories,9,6847,2026-05-13,Lakshmi753,Chennai
Shoes,Footwear,6,3941,2026-02-25,Rahul586,Chennai
Jacket,Clothing,1,7742,2026-02-13,Ramesh509,Chennai
Backpack,Accessories,7,4723,2026-02-20,Anjali159,Hyderabad
Watch,Accessories,3,4896,2026-09-03,Manoj937,Bangalore
Watch,Accessories,9,4153,2026-05-09,Arjun281,Mumbai
Smart TV,Electronics,8,87402,2026-07-30,Anjali182,Mumbai
Shoes,Footwear,10,7970,2026-06-10,Manoj642,Hyderabad
Watch,Accessories,10,1670,2026-03-12,Lakshmi757,Delhi
Phone,Electronics,2,58600,2026-04-10,Priya915,Mumbai
Saree,Clothing,3,5805,2026-07-23,Keerthi796,Mumbai
Headphones,Accessories,1,4798,2026-05-15,Ravi802,Delhi
Saree,Clothing,4,9504,2026-08-07,Priya710,Bangalore
Watch,Accessories,2,1750,2026-05-26,Pavan334,Delhi
Jeans,Clothing,10,1527,2026-03-22,Kavya562,Chennai
Backpack,Accessories,1,2580,2026-01-04,Priya789,Hyderabad
Phone,Electronics,1,24598,2026-05-01,Suresh357,Mumbai
Saree,Clothing,5,7452,2026-08-20,Ravi283,Bangalore
Watch,Accessories,6,5839,2026-08-23,Meena525,Hyderabad
Watch,Accessories,8,14236,2026-07-21,Sai857,Delhi
Jacket,Clothing,4,3063,2026-02-24,Meena489,Delhi
Jacket,Clothing,1,3350,2026-06-24,Ravi946,Bangalore
Watch,Accessories,1,1875,2026-08-27,Priya449,Chennai
Headphones,Accessories,7,6887,2026-03-31,Kiran520,Mumbai
Saree,Clothing,1,9494,2026-08-31,Sai299,Hyderabad
Watch,Accessories,4,7728,2026-09-27,Divya479,Hyderabad
Shirt,Clothing,3,679,2026-08-04,Nikhil467,Bangalore
Shoes,Footwear,1,7718,2026-01-20,Arjun932,Mumbai
Jacket,Clothing,6,7830,2026-03-25,Sneha971,Hyderabad
Tablet,Electronics,4,44922,2026-09-03,Meena915,Bangalore
Jacket,Clothing,3,2270,2026-09-26,Suresh804,Bangalore
Laptop,Electronics,3,73893,2026-06-24,Sai381,Chennai
Smart TV,Electronics,1,86444,2026-02-22,Nikhil100,Delhi
Laptop,Electronics,2,48672,2026-04-22,Sai622,Bangalore
Saree,Clothing,9,1187,2026-08-04,Sneha426,Bangalore
Jacket,Clothing,8,6204,2026-09-01,Ravi343,Chennai
Backpack,Accessories,5,2440,2026-06-26,Arjun837,Hyderabad
Jacket,Clothing,4,4017,2026-05-06,Pavan176,Bangalore
Jeans,Clothing,2,1201,2026-04-13,Meena926,Chennai
Shoes,Footwear,7,3845,2026-02-28,Swathi920,Chennai
Smart TV,Electronics,2,26979,2026-01-06,Divya961,Mumbai
Laptop,Electronics,10,43250,2026-08-31,Sneha501,Delhi
Jacket,Clothing,3,6702,2026-05-07,Priya258,Mumbai
Jacket,Clothing,1,7423,2026-01-13,Ravi450,Chennai
Laptop,Electronics,5,75925,2026-02-04,Keerthi132,Mumbai
Saree,Clothing,3,5829,2026-07-03,Keerthi655,Chennai
Backpack,Accessories,9,2915,2026-04-29,Arjun308,Delhi
Phone,Electronics,9,41936,2026-04-14,Ramesh248,Delhi
Smart TV,Electronics,1,49410,2026-06-29,Divya418,Mumbai
Shoes,Footwear,10,7735,2026-08-05,Rahul515,Bangalore
Phone,Electronics,2,11453,2026-01-03,Pavan922,Chennai
Headphones,Accessories,1,7442,2026-02-11,Ramesh576,Mumbai
Headphones,Accessories,3,9368,2026-01-01,Priya284,Hyderabad
Laptop,Electronics,7,46643,2026-04-03,Sai508,Mumbai
Phone,Electronics,3,40771,2026-07-29,Priya732,Chennai
Shoes,Footwear,3,1320,2026-03-19,Anjali163,Bangalore
Phone,Electronics,1,55572,2026-07-29,Ravi560,Bangalore
Watch,Accessories,4,9371,2026-01-07,Nikhil571,Hyderabad
Headphones,Accessories,10,2249,2026-05-17,Sai120,Delhi
Phone,Electronics,3,58862,2026-08-16,Vijay143,Chennai
Jacket,Clothing,5,5549,2026-06-10,Kiran885,Mumbai
Jacket,Clothing,3,5815,2026-07-25,Ravi612,Chennai
Backpack,Accessories,2,4827,2026-06-08,Arjun934,Hyderabad
Jacket,Clothing,2,5030,2026-03-26,Arjun995,Mumbai
Smart TV,Electronics,10,84650,2026-07-28,Arjun646,Hyderabad
Shirt,Clothing,2,1744,2026-03-22,Suresh138,Hyderabad
Shoes,Footwear,6,3856,2026-07-25,Anjali709,Chennai
Watch,Accessories,10,4326,2026-02-21,Lakshmi375,Chennai
Saree,Clothing,9,3898,2026-09-26,Nikhil550,Chennai
Laptop,Electronics,7,43872,2026-04-29,Sai261,Hyderabad
Tablet,Electronics,3,29399,2026-09-11,Swathi610,Bangalore
Phone,Electronics,2,21515,2026-04-13,Ravi436,Hyderabad
Tablet,Electronics,4,43931,2026-09-10,Lakshmi494,Chennai
Smart TV,Electronics,1,31561,2026-05-19,Suresh568,Delhi
Laptop,Electronics,3,58908,2026-09-26,Anjali586,Hyderabad
Laptop,Electronics,2,33785,2026-02-16,Arjun276,Bangalore
Shirt,Clothing,6,860,2026-09-16,Manoj555,Delhi
Backpack,Accessories,8,4070,2026-05-08,Sai577,Delhi
Shoes,Footwear,5,1048,2026-03-30,Suresh351,Mumbai
Headphones,Accessories,1,8356,2026-06-23,Kiran307,Delhi
Watch,Accessories,10,10723,2026-04-14,Meena613,Hyderabad
Laptop,Electronics,9,32381,2026-06-27,Sai463,Chennai
Watch,Accessories,9,2507,2026-09-29,Kiran534,Delhi
Tablet,Electronics,7,34637,2026-03-25,Nikhil639,Bangalore
Jeans,Clothing,5,3766,2026-09-25,Sai511,Mumbai
Tablet,Electronics,8,16524,2026-09-21,Meena767,Bangalore
Headphones,Accessories,2,3126,2026-06-10,Suresh806,Delhi
Backpack,Accessories,2,2807,2026-02-14,Vijay692,Bangalore
Jeans,Clothing,4,3552,2026-06-24,Manoj112,Bangalore
Phone,Electronics,4,28372,2026-04-25,Meena685,Hyderabad
Shoes,Footwear,4,1021,2026-03-05,Lakshmi324,Bangalore
Shirt,Clothing,3,981,2026-05-02,Swathi386,Delhi
Jacket,Clothing,7,7541,2026-07-24,Arjun263,Delhi
Laptop,Electronics,9,62908,2026-04-05,Meena524,Chennai
Backpack,Accessories,4,2976,2026-04-20,Kiran777,Mumbai
Jeans,Clothing,2,2965,2026-08-28,Meena989,Mumbai
Headphones,Accessories,3,5596,2026-02-14,Suresh334,Delhi
Shirt,Clothing,4,2399,2026-08-25,Keerthi401,Bangalore
Jeans,Clothing,1,1159,2026-01-18,Keerthi469,Hyderabad
Saree,Clothing,8,5023,2026-04-26,Kiran748,Chennai
Saree,Clothing,1,9941,2026-08-03,Sneha381,Bangalore
Headphones,Accessories,5,1662,2026-07-03,Sai529,Bangalore
Jeans,Clothing,4,1876,2026-07-23,Sneha289,Mumbai
Watch,Accessories,9,2279,2026-01-05,Ravi219,Chennai
Tablet,Electronics,10,27326,2026-04-08,Pavan863,Mumbai
Shirt,Clothing,5,873,2026-02-25,Rahul776,Hyderabad
Backpack,Accessories,9,3378,2026-08-24,Pavan521,Chennai
Watch,Accessories,2,9383,2026-07-28,Sneha776,Hyderabad
Phone,Electronics,5,11006,2026-08-01,Swathi260,Bangalore
Saree,Clothing,3,5312,2026-02-09,Keerthi240,Delhi
Headphones,Accessories,5,1095,2026-06-03,Ramesh272,Delhi
Shoes,Footwear,5,7770,2026-01-15,Meena915,Bangalore
Saree,Clothing,10,8994,2026-06-14,Kavya443,Chennai
Watch,Accessories,4,13102,2026-08-22,Pavan716,Chennai
Laptop,Electronics,10,45509,2026-06-16,Lakshmi167,Chennai
Shoes,Footwear,6,7484,2026-04-12,Arjun157,Bangalore
Tablet,Electronics,9,27451,2026-06-10,Nikhil201,Bangalore
Jeans,Clothing,3,1680,2026-06-18,Anjali448,Chennai
Phone,Electronics,9,14681,2026-05-22,Kiran200,Chennai
Watch,Accessories,7,11814,2026-03-14,Anjali909,Bangalore
Shoes,Footwear,8,6973,2026-02-10,Ramesh450,Chennai
Jeans,Clothing,1,2591,2026-07-18,Manoj508,Bangalore
Backpack,Accessories,9,3777,2026-02-07,Anjali780,Hyderabad
Watch,Accessories,9,9281,2026-07-19,Kiran359,Mumbai
Watch,Accessories,10,1726,2026-04-17,Arjun292,Mumbai
Phone,Electronics,2,39654,2026-06-05,Meena595,Delhi
Watch,Accessories,9,9876,2026-04-22,Sai330,Chennai
Backpack,Accessories,9,3641,2026-01-31,Lakshmi969,Bangalore
Shoes,Footwear,4,2799,2026-06-08,Kiran397,Hyderabad
Watch,Accessories,7,10842,2026-01-14,Lakshmi223,Bangalore
Shoes,Footwear,9,7510,2026-03-15,Kiran529,Hyderabad
Jacket,Clothing,6,4196,2026-02-03,Kiran990,Mumbai
Tablet,Electronics,4,19483,2026-05-25,Nikhil886,Hyderabad
Smart TV,Electronics,2,88431,2026-08-04,Lakshmi637,Hyderabad
Jacket,Clothing,4,2610,2026-08-28,Nikhil154,Mumbai
Jeans,Clothing,8,3938,2026-04-25,Lakshmi745,Hyderabad
Saree,Clothing,7,7185,2026-04-16,Meena522,Delhi
Tablet,Electronics,10,16075,2026-04-07,Kavya439,Hyderabad
Smart TV,Electronics,10,37005,2026-01-18,Manoj399,Hyderabad
Laptop,Electronics,5,33860,2026-09-19,Keerthi858,Delhi
Headphones,Accessories,1,9727,2026-06-14,Ramesh978,Chennai
Laptop,Electronics,3,40456,2026-04-26,Meena153,Mumbai
Watch,Accessories,10,7571,2026-03-11,Manoj758,Chennai
Tablet,Electronics,7,34954,2026-01-16,Arjun926,Delhi
Phone,Electronics,5,23478,2026-05-20,Suresh768,Mumbai
Saree,Clothing,5,4842,2026-01-26,Kavya193,Mumbai
Jeans,Clothing,10,2369,2026-07-19,Rahul270,Hyderabad
Headphones,Accessories,3,1230,2026-07-25,Suresh919,Bangalore
Laptop,Electronics,8,74337,2026-03-22,Ravi248,Chennai
Shoes,Footwear,2,6800,2026-07-24,Vijay368,Mumbai
Shoes,Footwear,2,7906,2026-04-30,Ravi977,Mumbai
Tablet,Electronics,9,44560,2026-07-10,Priya886,Delhi
Tablet,Electronics,8,30439,2026-06-12,Divya594,Delhi
Watch,Accessories,6,11308,2026-01-26,Sai434,Bangalore
Headphones,Accessories,10,1079,2026-03-17,Sai930,Delhi
Headphones,Accessories,9,7108,2026-09-03,Nikhil974,Delhi
Watch,Accessories,1,1921,2026-09-01,Sneha637,Chennai
Watch,Accessories,9,4887,2026-04-24,Rahul166,Mumbai
Headphones,Accessories,10,9142,2026-03-13,Pavan856,Mumbai
Shirt,Clothing,8,1511,2026-05-27,Sneha375,Delhi
Watch,Accessories,7,10493,2026-03-07,Meena656,Bangalore
Phone,Electronics,2,30800,2026-03-24,Meena507,Mumbai
Jeans,Clothing,2,2420,2026-01-01,Lakshmi774,Hyderabad
Backpack,Accessories,1,1511,2026-03-18,Sai587,Mumbai
Phone,Electronics,7,47910,2026-06-06,Lakshmi785,Mumbai
Saree,Clothing,1,9313,2026-02-18,Nikhil732,Delhi
Phone,Electronics,1,56913,2026-01-17,Rahul468,Chennai
Laptop,Electronics,7,50329,2026-04-09,Arjun190,Hyderabad
Jeans,Clothing,7,1851,2026-06-26,Arjun667,Hyderabad
Laptop,Electronics,10,62814,2026-08-28,Sneha525,Delhi
Laptop,Electronics,2,67625,2026-05-31,Manoj850,Mumbai
Tablet,Electronics,6,28768,2026-01-20,Sneha481,Delhi
Headphones,Accessories,8,8819,2026-09-22,Nikhil589,Chennai
Smart TV,Electronics,6,75629,2026-05-26,Priya780,Hyderabad
Jacket,Clothing,7,7627,2026-02-20,Vijay198,Bangalore
Saree,Clothing,8,6505,2026-09-30,Pavan364,Mumbai
Tablet,Electronics,6,20906,2026-09-03,Kavya863,Chennai
Phone,Electronics,9,17274,2026-04-10,Manoj796,Delhi
Tablet,Electronics,6,19400,2026-06-09,Rahul837,Delhi
Saree,Clothing,6,6843,2026-08-23,Lakshmi816,Bangalore
Jeans,Clothing,2,2743,2026-02-01,Lakshmi778,Chennai
Tablet,Electronics,6,34701,2026-05-05,Manoj584,Bangalore
Shirt,Clothing,4,2042,2026-08-30,Suresh842,Hyderabad
Shirt,Clothing,5,1622,2026-02-16,Rahul985,Delhi
Watch,Accessories,10,12975,2026-05-24,Manoj934,Hyderabad
Backpack,Accessories,1,4141,2026-01-02,Pavan214,Bangalore
Tablet,Electronics,5,34891,2026-09-20,Kavya915,Hyderabad
Saree,Clothing,10,6900,2026-01-26,Vijay659,Mumbai
Shoes,Footwear,4,4507,2026-08-23,Kavya283,Delhi
Backpack,Accessories,6,4083,2026-05-12,Ravi772,Delhi
Jeans,Clothing,9,1590,2026-01-30,Swathi179,Chennai
Watch,Accessories,7,6444,2026-03-19,Rahul568,Bangalore
Smart TV,Electronics,2,35234,2026-06-13,Keerthi678,Bangalore
Watch,Accessories,7,1926,2026-08-18,Arjun207,Mumbai
Tablet,Electronics,9,19676,2026-02-22,Ramesh453,Hyderabad
Shoes,Footwear,6,3906,2026-02-12,Divya497,Bangalore
Headphones,Accessories,8,5431,2026-02-06,Divya607,Delhi
Backpack,Accessories,5,3546,2026-08-06,Anjali347,Chennai
Tablet,Electronics,2,23407,2026-02-20,Manoj139,Bangalore
Shoes,Footwear,1,2623,2026-03-28,Arjun326,Hyderabad
Smart TV,Electronics,6,73179,2026-08-08,Manoj102,Bangalore
Phone,Electronics,3,51464,2026-01-23,Meena329,Chennai
Phone,Electronics,5,35757,2026-03-09,Nikhil306,Hyderabad
Headphones,Accessories,3,3881,2026-04-23,Keerthi353,Hyderabad
Headphones,Accessories,5,2560,2026-08-27,Sneha160,Delhi
Tablet,Electronics,6,37478,2026-04-11,Swathi117,Chennai
Saree,Clothing,5,1463,2026-06-14,Manoj363,Mumbai
Smart TV,Electronics,5,38877,2026-06-06,Priya416,Hyderabad
Headphones,Accessories,8,7614,2026-04-04,Suresh579,Chennai
Phone,Electronics,5,35970,2026-02-19,Divya189,Delhi
Jeans,Clothing,3,2116,2026-05-10,Suresh190,Mumbai
Backpack,Accessories,3,4139,2026-09-09,Pavan933,Delhi
Laptop,Electronics,4,61948,2026-02-03,Sneha975,Chennai
Jacket,Clothing,4,5254,2026-03-11,Keerthi630,Hyderabad
Saree,Clothing,4,9695,2026-09-08,Rahul493,Mumbai
Laptop,Electronics,3,46376,2026-02-06,Sneha482,Mumbai
Backpack,Accessories,3,4829,2026-07-24,Meena950,Chennai
Saree,Clothing,3,2304,2026-01-14,Vijay370,Mumbai
Jacket,Clothing,9,4157,2026-01-23,Suresh522,Chennai
Jeans,Clothing,2,1831,2026-09-05,Kavya608,Bangalore
Jeans,Clothing,1,1634,2026-04-17,Vijay161,Chennai
Jacket,Clothing,7,3931,2026-06-29,Pavan531,Hyderabad
Jacket,Clothing,4,5519,2026-04-29,Priya692,Hyderabad
Headphones,Accessories,2,5666,2026-08-10,Keerthi428,Bangalore
Laptop,Electronics,4,50269,2026-02-14,Keerthi585,Chennai
Shirt,Clothing,9,749,2026-08-26,Vijay794,Bangalore
Shoes,Footwear,9,7938,2026-05-13,Kiran154,Mumbai
Phone,Electronics,1,57123,2026-06-24,Lakshmi513,Delhi
Shirt,Clothing,10,1012,2026-02-12,Nikhil204,Mumbai
Headphones,Accessories,1,3817,2026-07-03,Ravi495,Chennai
Tablet,Electronics,1,49320,2026-03-29,Vijay154,Chennai
Saree,Clothing,4,7208,2026-06-20,Pavan453,Bangalore
Jeans,Clothing,9,2774,2026-08-26,Sai297,Hyderabad
Laptop,Electronics,9,53254,2026-08-31,Lakshmi452,Hyderabad
Smart TV,Electronics,9,32931,2026-01-21,Arjun993,Chennai
Tablet,Electronics,8,33633,2026-07-24,Sneha655,Mumbai
Jeans,Clothing,2,1830,2026-04-11,Anjali805,Chennai
Watch,Accessories,8,9088,2026-05-13,Divya926,Hyderabad
Phone,Electronics,4,24609,2026-07-10,Rahul919,Mumbai
Watch,Accessories,1,10012,2026-03-15,Pavan707,Bangalore
Phone,Electronics,6,28022,2026-04-09,Manoj207,Delhi
Saree,Clothing,1,6738,2026-09-18,Suresh904,Delhi
Laptop,Electronics,6,42205,2026-03-19,Divya311,Mumbai
Phone,Electronics,2,54778,2026-03-07,Anjali831,Delhi
Shirt,Clothing,7,2398,2026-05-01,Keerthi462,Chennai
Backpack,Accessories,5,4807,2026-09-09,Priya783,Hyderabad
Jeans,Clothing,4,3836,2026-06-15,Sneha140,Delhi
Headphones,Accessories,10,5865,2026-03-22,Arjun622,Bangalore
Watch,Accessories,8,4199,2026-03-08,Lakshmi697,Hyderabad
Tablet,Electronics,8,27443,2026-04-29,Sneha447,Delhi
Phone,Electronics,4,20185,2026-04-26,Anjali330,Delhi
Backpack,Accessories,5,4695,2026-09-19,Vijay623,Mumbai
Laptop,Electronics,6,65497,2026-05-30,Meena897,Hyderabad
Saree,Clothing,1,5613,2026-03-15,Rahul954,Delhi
Saree,Clothing,8,8858,2026-04-15,Sai837,Mumbai
Jeans,Clothing,10,1454,2026-02-11,Priya707,Bangalore
Jeans,Clothing,6,3641,2026-02-14,Sai388,Mumbai
Tablet,Electronics,2,48326,2026-07-08,Pavan775,Hyderabad
Saree,Clothing,1,8658,2026-03-17,Ramesh739,Mumbai
Tablet,Electronics,10,46733,2026-09-23,Rahul835,Delhi
Headphones,Accessories,1,6637,2026-05-28,Anjali694,Hyderabad
Backpack,Accessories,10,4119,2026-06-18,Arjun938,Bangalore
Watch,Accessories,8,6163,2026-02-10,Manoj368,Delhi
Jacket,Clothing,8,7883,2026-04-22,Lakshmi949,Chennai
Shirt,Clothing,9,2916,2026-05-31,Manoj143,Bangalore
Jacket,Clothing,9,5203,2026-05-30,Keerthi334,Chennai
Headphones,Accessories,7,2435,2026-08-07,Swathi499,Bangalore
Jeans,Clothing,5,3231,2026-03-17,Priya274,Hyderabad
Tablet,Electronics,9,28701,2026-06-15,Anjali998,Chennai
Headphones,Accessories,8,3752,2026-01-25,Kavya780,Hyderabad
Laptop,Electronics,3,64105,2026-03-13,Keerthi397,Delhi
Saree,Clothing,7,6157,2026-01-20,Manoj848,Chennai
Tablet,Electronics,7,15389,2026-06-10,Suresh611,Mumbai
Backpack,Accessories,2,2619,2026-07-28,Divya117,Delhi
Headphones,Accessories,7,7994,2026-04-10,Priya231,Hyderabad
Phone,Electronics,2,45974,2026-05-09,Keerthi642,Chennai
Backpack,Accessories,5,1913,2026-04-28,Suresh719,Mumbai
Headphones,Accessories,7,7916,2026-02-13,Priya118,Hyderabad
Smart TV,Electronics,9,41847,2026-05-15,Lakshmi676,Mumbai
Jeans,Clothing,10,1471,2026-01-25,Pavan523,Hyderabad
Jeans,Clothing,6,1877,2026-04-23,Rahul960,Mumbai
Backpack,Accessories,4,1797,2026-01-31,Sai602,Chennai
Headphones,Accessories,7,4767,2026-03-13,Kavya984,Hyderabad
Smart TV,Electronics,5,79739,2026-03-27,Lakshmi560,Delhi
Phone,Electronics,7,38288,2026-01-04,Suresh778,Chennai
Tablet,Electronics,1,27024,2026-04-16,Nikhil630,Bangalore
Saree,Clothing,9,6498,2026-01-24,Kavya965,Hyderabad
Saree,Clothing,9,5731,2026-08-25,Sneha740,Mumbai
Tablet,Electronics,1,19962,2026-04-28,Swathi353,Mumbai
Backpack,Accessories,3,2221,2026-07-06,Ramesh768,Bangalore
Smart TV,Electronics,3,55499,2026-04-23,Lakshmi510,Chennai
Watch,Accessories,3,5063,2026-04-10,Ravi192,Hyderabad
Tablet,Electronics,2,47558,2026-09-28,Ravi362,Delhi
Backpack,Accessories,8,1900,2026-05-29,Kiran301,Hyderabad
Phone,Electronics,3,54317,2026-02-07,Keerthi872,Bangalore
Saree,Clothing,4,3082,2026-02-13,Rahul700,Bangalore
Phone,Electronics,6,31609,2026-07-30,Sai305,Delhi
Smart TV,Electronics,6,70692,2026-05-09,Sai845,Delhi
Tablet,Electronics,6,26320,2026-01-03,Rahul958,Chennai
Jeans,Clothing,10,1903,2026-07-11,Kavya437,Chennai
Shirt,Clothing,6,2359,2026-08-09,Arjun567,Bangalore
Saree,Clothing,10,4404,2026-06-01,Priya825,Delhi
Tablet,Electronics,4,38662,2026-05-30,Rahul581,Mumbai
Jacket,Clothing,5,4492,2026-08-13,Anjali852,Delhi
Shirt,Clothing,9,2153,2026-07-22,Sai540,Hyderabad
Jacket,Clothing,10,7157,2026-05-24,Priya835,Delhi
Backpack,Accessories,2,1051,2026-04-07,Rahul556,Bangalore
Jeans,Clothing,7,3467,2026-05-15,Keerthi624,Hyderabad
Shirt,Clothing,8,1250,2026-02-13,Nikhil614,Chennai
Jacket,Clothing,5,7449,2026-02-03,Divya418,Bangalore
Headphones,Accessories,7,7006,2026-07-30,Arjun541,Mumbai
Smart TV,Electronics,4,46815,2026-09-14,Ramesh172,Hyderabad
Phone,Electronics,5,24646,2026-05-12,Nikhil639,Chennai
Laptop,Electronics,1,47019,2026-06-12,Vijay561,Bangalore
Saree,Clothing,10,1219,2026-03-01,Keerthi838,Mumbai
Headphones,Accessories,8,9963,2026-05-27,Lakshmi926,Mumbai
Laptop,Electronics,5,76210,2026-04-17,Vijay828,Hyderabad
Tablet,Electronics,1,47220,2026-05-05,Priya142,Hyderabad
Shirt,Clothing,6,1555,2026-06-09,Pavan318,Bangalore
Shirt,Clothing,8,2946,2026-01-18,Nikhil687,Mumbai
Saree,Clothing,7,4491,2026-05-06,Ramesh969,Delhi
Phone,Electronics,9,47161,2026-01-17,Arjun206,Chennai
Phone,Electronics,1,21848,2026-04-15,Kavya235,Chennai
Phone,Electronics,5,46686,2026-01-23,Sai568,Delhi
Saree,Clothing,5,4216,2026-03-07,Ramesh179,Hyderabad
Jacket,Clothing,9,2609,2026-08-05,Meena701,Delhi
Phone,Electronics,4,52614,2026-09-07,Anjali421,Hyderabad
Laptop,Electronics,6,56777,2026-04-13,Sai314,Chennai
Shirt,Clothing,5,2345,2026-07-15,Lakshmi275,Hyderabad
Saree,Clothing,4,7680,2026-04-07,Ravi203,Delhi
Shoes,Footwear,1,3473,2026-04-28,Anjali569,Bangalore
Shirt,Clothing,5,816,2026-07-18,Kiran969,Bangalore
Jacket,Clothing,10,5705,2026-06-13,Swathi293,Mumbai
Headphones,Accessories,3,2450,2026-07-31,Rahul765,Hyderabad
Jacket,Clothing,8,4358,2026-07-07,Rahul250,Chennai
Jacket,Clothing,7,5634,2026-09-30,Meena343,Mumbai
Smart TV,Electronics,10,81729,2026-02-04,Ramesh825,Delhi
Smart TV,Electronics,2,37567,2026-08-22,Swathi457,Chennai
Laptop,Electronics,4,62037,2026-02-02,Swathi872,Chennai
Saree,Clothing,1,2567,2026-08-20,Keerthi561,Mumbai
Laptop,Electronics,3,36731,2026-09-29,Anjali466,Chennai
Phone,Electronics,6,43433,2026-09-15,Lakshmi312,Mumbai
Jacket,Clothing,2,2328,2026-03-16,Kiran453,Bangalore
Jacket,Clothing,2,5419,2026-05-11,Ramesh193,Bangalore
Laptop,Electronics,6,34527,2026-06-11,Suresh878,Delhi
Backpack,Accessories,7,3072,2026-09-28,Pavan579,Chennai
Tablet,Electronics,4,17262,2026-01-11,Sai403,Hyderabad
Shirt,Clothing,7,2168,2026-07-29,Manoj500,Delhi
Saree,Clothing,2,9691,2026-06-13,Anjali276,Hyderabad
Shoes,Footwear,5,4702,2026-05-19,Meena932,Delhi
Jeans,Clothing,10,3679,2026-08-22,Keerthi222,Bangalore
Watch,Accessories,2,2065,2026-07-18,Kiran564,Bangalore
Laptop,Electronics,2,69067,2026-03-11,Swathi207,Bangalore
Jeans,Clothing,3,3193,2026-04-28,Manoj223,Bangalore
Phone,Electronics,6,20668,2026-06-15,Swathi324,Delhi
Laptop,Electronics,6,30618,2026-07-28,Priya332,Delhi
Backpack,Accessories,10,2171,2026-01-12,Ravi275,Bangalore
Smart TV,Electronics,2,42447,2026-03-03,Kavya188,Hyderabad
Jeans,Clothing,7,1408,2026-02-16,Sai844,Hyderabad
Backpack,Accessories,3,3335,2026-05-10,Sneha338,Delhi
Backpack,Accessories,1,1881,2026-02-21,Nikhil850,Bangalore
Watch,Accessories,8,11479,2026-03-20,Sneha244,Bangalore
Watch,Accessories,4,7753,2026-05-20,Arjun651,Chennai
Jacket,Clothing,9,7402,2026-06-08,Priya171,Hyderabad
Saree,Clothing,3,2486,2026-05-28,Pavan866,Chennai
Watch,Accessories,1,10941,2026-05-14,Vijay961,Hyderabad
Watch,Accessories,10,8777,2026-07-09,Sneha282,Chennai
Saree,Clothing,1,3808,2026-02-25,Vijay362,Bangalore
Shoes,Footwear,5,3564,2026-03-11,Ramesh430,Chennai
Backpack,Accessories,5,1429,2026-04-17,Nikhil524,Bangalore
Watch,Accessories,7,5090,2026-07-06,Suresh504,Hyderabad
Laptop,Electronics,6,36772,2026-01-30,Meena837,Chennai
Watch,Accessories,6,4057,2026-02-04,Rahul745,Delhi
Watch,Accessories,3,8607,2026-06-29,Nikhil199,Chennai
Saree,Clothing,10,1850,2026-09-15,Nikhil642,Hyderabad
Laptop,Electronics,7,44283,2026-03-07,Ravi513,Mumbai
Backpack,Accessories,5,3302,2026-02-25,Rahul535,Delhi
Backpack,Accessories,10,2763,2026-01-29,Nikhil659,Delhi
Phone,Electronics,5,14623,2026-06-12,Kiran305,Hyderabad
Phone,Electronics,2,28822,2026-09-15,Anjali404,Chennai
Shoes,Footwear,9,5503,2026-03-27,Sneha958,Chennai
Jeans,Clothing,2,2256,2026-08-26,Ramesh376,Bangalore
Shoes,Footwear,7,2885,2026-03-27,Vijay628,Hyderabad
Shirt,Clothing,8,1764,2026-08-28,Rahul441,Chennai
Phone,Electronics,7,21567,2026-03-21,Pavan201,Hyderabad
Shirt,Clothing,4,2024,2026-02-28,Nikhil597,Delhi
Shirt,Clothing,5,2794,2026-04-11,Nikhil106,Bangalore
Shirt,Clothing,6,599,2026-05-15,Arjun761,Hyderabad
Laptop,Electronics,1,41791,2026-02-14,Swathi394,Bangalore
Shirt,Clothing,10,1865,2026-03-09,Sneha978,Bangalore
Jacket,Clothing,3,7144,2026-07-29,Lakshmi650,Hyderabad
Saree,Clothing,10,6835,2026-09-11,Sneha955,Bangalore
Watch,Accessories,5,12913,2026-01-04,Arjun923,Bangalore
Backpack,Accessories,8,4019,2026-02-24,Manoj173,Bangalore
Shoes,Footwear,6,6010,2026-03-01,Nikhil138,Mumbai
Watch,Accessories,7,8657,2026-07-19,Arjun976,Hyderabad
Tablet,Electronics,6,22831,2026-06-20,Sai824,Hyderabad
Backpack,Accessories,7,4394,2026-06-18,Kiran538,Mumbai
Tablet,Electronics,4,34552,2026-01-18,Ravi328,Chennai
Saree,Clothing,6,9289,2026-08-21,Arjun435,Mumbai
Watch,Accessories,3,10436,2026-02-05,Sai416,Chennai
Watch,Accessories,9,11815,2026-07-26,Keerthi396,Mumbai
Shoes,Footwear,3,3408,2026-06-28,Anjali265,Chennai
Jeans,Clothing,7,1354,2026-03-29,Priya467,Delhi
Watch,Accessories,8,6494,2026-01-13,Divya796,Delhi
Watch,Accessories,5,14198,2026-07-26,Swathi160,Delhi
Headphones,Accessories,2,9817,2026-09-25,Kavya362,Mumbai
Laptop,Electronics,3,30434,2026-01-22,Ramesh990,Chennai
Smart TV,Electronics,3,64459,2026-03-07,Sai336,Bangalore
Smart TV,Electronics,2,86273,2026-09-04,Rahul580,Bangalore
Watch,Accessories,8,10429,2026-02-06,Kavya620,Bangalore
Smart TV,Electronics,7,77858,2026-06-26,Divya977,Hyderabad
Jeans,Clothing,5,2172,2026-05-17,Swathi794,Delhi
Saree,Clothing,2,5876,2026-03-19,Pavan135,Hyderabad
Smart TV,Electronics,4,30297,2026-02-21,Suresh862,Mumbai
Laptop,Electronics,9,44524,2026-04-29,Keerthi544,Chennai
Smart TV,Electronics,7,43034,2026-02-16,Keerthi303,Hyderabad
Jacket,Clothing,5,2785,2026-01-13,Sneha555,Mumbai
Headphones,Accessories,9,9878,2026-07-20,Nikhil431,Hyderabad
Smart TV,Electronics,3,45311,2026-07-08,Divya595,Mumbai
Shirt,Clothing,7,2206,2026-06-02,Pavan679,Chennai
Phone,Electronics,2,52749,2026-05-09,Ravi120,Hyderabad
Laptop,Electronics,2,41270,2026-09-09,Nikhil763,Hyderabad
Backpack,Accessories,3,2041,2026-01-20,Kiran367,Hyderabad
Shoes,Footwear,10,1208,2026-04-18,Kavya997,Chennai
Backpack,Accessories,2,3956,2026-08-09,Ravi224,Bangalore
Shirt,Clothing,1,1515,2026-05-17,Kiran843,Hyderabad
Laptop,Electronics,4,68044,2026-08-20,Priya247,Chennai
Laptop,Electronics,3,30454,2026-04-08,Ramesh416,Hyderabad
Watch,Accessories,6,9739,2026-04-03,Divya177,Bangalore
Backpack,Accessories,1,1943,2026-06-15,Keerthi293,Hyderabad
Phone,Electronics,2,18420,2026-06-17,Pavan221,Bangalore
Jeans,Clothing,3,2671,2026-07-23,Suresh143,Hyderabad
Laptop,Electronics,2,74267,2026-06-06,Priya189,Hyderabad
Jeans,Clothing,6,1364,2026-04-30,Meena666,Hyderabad
Shirt,Clothing,2,1631,2026-08-22,Sai639,Delhi
Jeans,Clothing,9,3418,2026-04-13,Sai667,Hyderabad
Smart TV,Electronics,7,84012,2026-04-10,Manoj344,Delhi
Shoes,Footwear,2,3659,2026-04-07,Kavya309,Hyderabad
Jeans,Clothing,9,1405,2026-09-11,Priya117,Bangalore
Saree,Clothing,2,7935,2026-08-02,Ramesh935,Mumbai
Tablet,Electronics,5,46471,2026-06-30,Swathi391,Delhi
Headphones,Accessories,5,2186,2026-08-31,Priya847,Hyderabad
Tablet,Electronics,2,43032,2026-09-26,Suresh560,Chennai
Tablet,Electronics,9,34436,2026-02-08,Manoj703,Bangalore
Saree,Clothing,1,6549,2026-04-23,Keerthi118,Bangalore
Tablet,Electronics,9,15607,2026-08-10,Rahul838,Mumbai
Watch,Accessories,1,8716,2026-04-10,Suresh670,Mumbai
Shoes,Footwear,10,1020,2026-07-24,Sai169,Chennai
Jeans,Clothing,10,3492,2026-04-26,Suresh642,Mumbai
Watch,Accessories,6,3501,2026-04-14,Rahul712,Hyderabad
Laptop,Electronics,8,61912,2026-08-15,Kavya811,Delhi
Shirt,Clothing,9,2183,2026-06-09,Kiran246,Bangalore
Phone,Electronics,3,14664,2026-08-12,Ramesh152,Delhi
Headphones,Accessories,1,8845,2026-01-24,Pavan256,Bangalore
Laptop,Electronics,1,45770,2026-02-24,Arjun503,Hyderabad
Headphones,Accessories,10,2632,2026-01-08,Pavan326,Hyderabad
Saree,Clothing,1,9518,2026-07-31,Suresh228,Delhi
Headphones,Accessories,8,6358,2026-09-08,Nikhil124,Hyderabad
Jeans,Clothing,10,3804,2026-09-06,Kiran880,Bangalore
Smart TV,Electronics,2,68481,2026-06-29,Suresh624,Delhi
Watch,Accessories,7,9401,2026-05-20,Swathi851,Mumbai
Backpack,Accessories,6,2975,2026-06-14,Ravi420,Hyderabad
Tablet,Electronics,8,39630,2026-05-05,Lakshmi714,Mumbai
Phone,Electronics,5,40509,2026-03-12,Arjun945,Delhi
Tablet,Electronics,9,25267,2026-02-12,Meena687,Mumbai
Saree,Clothing,9,6376,2026-06-01,Suresh572,Hyderabad
Smart TV,Electronics,7,26873,2026-08-04,Ravi483,Mumbai
Laptop,Electronics,6,41829,2026-07-22,Lakshmi186,Mumbai
Backpack,Accessories,1,4514,2026-09-04,Arjun357,Bangalore
Watch,Accessories,10,4752,2026-01-21,Nikhil958,Chennai
Saree,Clothing,6,6054,2026-09-04,Vijay141,Hyderabad
Smart TV,Electronics,9,86800,2026-02-14,Arjun849,Delhi
Watch,Accessories,10,12051,2026-05-06,Arjun538,Mumbai
Jeans,Clothing,3,3497,2026-07-05,Vijay689,Chennai
Saree,Clothing,4,2511,2026-05-07,Divya471,Delhi
Saree,Clothing,10,9403,2026-05-18,Keerthi587,Mumbai
Tablet,Electronics,2,26073,2026-01-04,Meena893,Delhi
Phone,Electronics,8,16797,2026-01-11,Suresh865,Chennai
Smart TV,Electronics,2,72195,2026-01-18,Ravi975,Hyderabad
Laptop,Electronics,1,74335,2026-06-04,Suresh333,Bangalore
Saree,Clothing,4,3038,2026-09-13,Kiran556,Chennai
Watch,Accessories,1,9247,2026-07-09,Keerthi330,Bangalore
Watch,Accessories,3,7090,2026-09-11,Nikhil492,Hyderabad
Smart TV,Electronics,6,34852,2026-01-17,Suresh957,Chennai
Watch,Accessories,2,1670,2026-05-25,Vijay114,Bangalore
Phone,Electronics,2,13416,2026-06-13,Lakshmi726,Mumbai
Phone,Electronics,5,43215,2026-06-03,Suresh537,Mumbai
Phone,Electronics,3,41716,2026-05-21,Rahul257,Bangalore
Shirt,Clothing,6,2037,2026-01-06,Kiran512,Mumbai
Shoes,Footwear,7,1898,2026-07-19,Vijay579,Bangalore
Shirt,Clothing,10,594,2026-06-20,Rahul885,Hyderabad
Smart TV,Electronics,7,73624,2026-01-13,Arjun830,Chennai
Backpack,Accessories,4,2248,2026-03-28,Kiran745,Bangalore
Tablet,Electronics,6,24362,2026-04-09,Lakshmi704,Bangalore
Jeans,Clothing,9,2306,2026-04-24,Priya405,Mumbai
Jacket,Clothing,2,3404,2026-05-20,Manoj564,Bangalore
Jacket,Clothing,9,3990,2026-08-16,Swathi866,Delhi
Jacket,Clothing,7,3318,2026-05-02,Rahul607,Delhi
Jeans,Clothing,1,2610,2026-05-21,Pavan208,Hyderabad
Saree,Clothing,1,4486,2026-04-27,Arjun898,Delhi
Headphones,Accessories,6,1538,2026-05-02,Nikhil865,Chennai
Laptop,Electronics,5,71287,2026-06-22,Pavan798,Bangalore
Backpack,Accessories,9,4821,2026-02-16,Lakshmi252,Hyderabad
Saree,Clothing,2,6904,2026-07-14,Meena814,Delhi
Tablet,Electronics,7,46518,2026-01-03,Manoj782,Delhi
Saree,Clothing,7,9223,2026-08-31,Anjali951,Mumbai
Backpack,Accessories,6,3915,2026-07-27,Meena433,Hyderabad
Saree,Clothing,4,7373,2026-08-27,Divya228,Hyderabad
Shirt,Clothing,9,2483,2026-09-09,Kavya818,Mumbai
Phone,Electronics,7,22979,2026-08-09,Kavya409,Delhi
Laptop,Electronics,4,49883,2026-03-27,Kavya473,Mumbai
Shirt,Clothing,6,1463,2026-02-14,Ramesh588,Hyderabad
Shoes,Footwear,2,1266,2026-02-16,Sneha515,Hyderabad
Watch,Accessories,6,6850,2026-04-27,Meena731,Hyderabad
Jeans,Clothing,9,3423,2026-04-29,Meena417,Hyderabad
Smart TV,Electronics,9,78899,2026-05-29,Divya137,Mumbai
Headphones,Accessories,10,6664,2026-06-27,Anjali731,Delhi
Jeans,Clothing,2,2697,2026-02-03,Rahul595,Hyderabad
Shirt,Clothing,1,539,2026-05-02,Sneha267,Hyderabad
Jacket,Clothing,9,7714,2026-06-18,Kavya701,Hyderabad
Shoes,Footwear,2,5740,2026-07-31,Swathi493,Bangalore
Shoes,Footwear,8,5672,2026-02-28,Vijay107,Mumbai
Tablet,Electronics,9,15485,2026-01-20,Ravi865,Mumbai
Backpack,Accessories,6,3882,2026-05-31,Arjun783,Delhi
Shoes,Footwear,6,5651,2026-05-02,Meena859,Mumbai
Watch,Accessories,1,2682,2026-03-15,Divya763,Delhi
Shoes,Footwear,10,2049,2026-05-28,Sneha563,Bangalore
Jeans,Clothing,4,3835,2026-01-30,Kavya945,Delhi
Backpack,Accessories,7,4926,2026-01-02,Kiran732,Chennai
Tablet,Electronics,3,32959,2026-06-15,Lakshmi812,Hyderabad
Laptop,Electronics,8,35486,2026-06-21,Ramesh962,Delhi
Laptop,Electronics,8,43780,2026-03-06,Ramesh592,Hyderabad
Backpack,Accessories,2,3281,2026-03-19,Kavya331,Chennai
Jacket,Clothing,9,6383,2026-07-11,Lakshmi471,Bangalore
Headphones,Accessories,9,9305,2026-06-29,Sneha619,Chennai
Tablet,Electronics,1,23088,2026-03-19,Sai643,Bangalore
Saree,Clothing,1,1999,2026-04-07,Keerthi505,Chennai
Jacket,Clothing,7,7152,2026-02-25,Vijay508,Chennai
Jeans,Clothing,1,2600,2026-02-07,Kavya472,Bangalore
Phone,Electronics,10,14278,2026-05-20,Kiran416,Delhi
Jacket,Clothing,4,5232,2026-06-13,Sneha157,Hyderabad
Saree,Clothing,9,9204,2026-04-22,Kiran902,Hyderabad
Jacket,Clothing,4,5839,2026-03-12,Sai495,Hyderabad
Shirt,Clothing,3,2953,2026-01-05,Pavan154,Delhi
Smart TV,Electronics,10,40728,2026-06-07,Rahul978,Chennai
Jeans,Clothing,2,3275,2026-06-04,Priya799,Delhi
Shirt,Clothing,3,1991,2026-09-12,Anjali284,Bangalore
Tablet,Electronics,10,43047,2026-04-26,Keerthi863,Mumbai
Shirt,Clothing,3,1078,2026-08-26,Ramesh122,Bangalore
Tablet,Electronics,6,21317,2026-07-28,Kavya307,Mumbai
Backpack,Accessories,3,1158,2026-01-17,Ramesh907,Bangalore
Laptop,Electronics,1,51513,2026-01-15,Rahul419,Delhi
Watch,Accessories,4,1675,2026-04-13,Swathi288,Chennai
Jeans,Clothing,6,1384,2026-03-13,Pavan651,Delhi
Phone,Electronics,8,34870,2026-08-04,Anjali549,Hyderabad
Backpack,Accessories,3,1519,2026-01-09,Manoj220,Delhi
Shirt,Clothing,6,917,2026-08-11,Lakshmi364,Bangalore
Laptop,Electronics,8,37027,2026-08-03,Suresh934,Mumbai
Backpack,Accessories,7,2259,2026-03-01,Rahul982,Mumbai
Shoes,Footwear,5,2699,2026-05-11,Suresh310,Bangalore
Backpack,Accessories,7,4971,2026-01-15,Lakshmi432,Chennai
Shirt,Clothing,10,2384,2026-06-10,Lakshmi986,Delhi
Jeans,Clothing,10,3585,2026-06-04,Divya722,Delhi
Tablet,Electronics,10,45293,2026-04-11,Divya883,Bangalore
Phone,Electronics,1,35082,2026-02-09,Manoj220,Delhi
Backpack,Accessories,1,2229,2026-03-01,Meena174,Chennai
Backpack,Accessories,3,3161,2026-02-17,Arjun846,Chennai
Tablet,Electronics,3,17133,2026-02-14,Divya365,Hyderabad
Tablet,Electronics,8,41747,2026-04-05,Priya416,Hyderabad
Shoes,Footwear,6,1047,2026-03-19,Swathi626,Hyderabad
Tablet,Electronics,6,29556,2026-08-03,Lakshmi677,Mumbai
Smart TV,Electronics,1,51666,2026-02-28,Nikhil630,Bangalore
Watch,Accessories,4,13783,2026-06-24,Keerthi226,Delhi
Headphones,Accessories,6,5718,2026-01-18,Swathi968,Delhi
Shoes,Footwear,2,5738,2026-06-20,Sneha207,Mumbai
Phone,Electronics,4,36089,2026-08-15,Suresh922,Delhi
Shoes,Footwear,3,3288,2026-01-21,Kiran184,Chennai
Headphones,Accessories,3,6160,2026-09-24,Ravi683,Hyderabad
Phone,Electronics,4,57898,2026-02-02,Lakshmi770,Delhi
Backpack,Accessories,7,4912,2026-09-03,Manoj620,Hyderabad
Smart TV,Electronics,9,80923,2026-09-18,Pavan595,Delhi
Shoes,Footwear,4,5749,2026-07-09,Lakshmi743,Delhi
Watch,Accessories,5,14492,2026-08-25,Kiran377,Mumbai
Shirt,Clothing,6,1003,2026-02-13,Sai350,Delhi
Shoes,Footwear,6,7522,2026-08-24,Priya930,Delhi
Jacket,Clothing,7,2127,2026-08-19,Kiran637,Hyderabad
Shirt,Clothing,8,1221,2026-05-01,Arjun930,Chennai
Smart TV,Electronics,8,59310,2026-06-27,Ravi843,Mumbai
Jeans,Clothing,9,2427,2026-06-23,Kavya637,Mumbai
Backpack,Accessories,8,1297,2026-05-10,Swathi115,Chennai
Smart TV,Electronics,6,32867,2026-04-26,Suresh447,Chennai
Smart TV,Electronics,8,68868,2026-09-14,Suresh556,Hyderabad
Backpack,Accessories,1,4939,2026-04-06,Suresh475,Bangalore
Backpack,Accessories,8,1134,2026-09-24,Kavya158,Delhi
Headphones,Accessories,4,5970,2026-06-25,Kavya275,Chennai
Jeans,Clothing,6,1348,2026-05-24,Arjun703,Chennai
Backpack,Accessories,10,2881,2026-06-09,Nikhil660,Hyderabad
Saree,Clothing,9,3732,2026-01-12,Pavan893,Bangalore
Watch,Accessories,4,2075,2026-01-22,Swathi376,Mumbai
Backpack,Accessories,1,3345,2026-01-21,Swathi941,Hyderabad
Jacket,Clothing,2,7893,2026-05-03,Arjun542,Bangalore
Saree,Clothing,1,3283,2026-04-10,Swathi982,Bangalore
Phone,Electronics,8,48416,2026-04-08,Arjun506,Delhi
Shirt,Clothing,4,1522,2026-05-16,Manoj556,Bangalore
Tablet,Electronics,4,15329,2026-03-13,Ramesh622,Mumbai
Watch,Accessories,10,1830,2026-02-14,Meena999,Bangalore
Backpack,Accessories,7,3121,2026-05-06,Ravi517,Mumbai
Jeans,Clothing,3,3243,2026-05-19,Suresh526,Bangalore
Shoes,Footwear,6,7239,2026-08-08,Divya647,Delhi
Jeans,Clothing,10,3385,2026-07-10,Kavya510,Delhi
Shirt,Clothing,3,1243,2026-04-06,Kavya436,Delhi
Smart TV,Electronics,8,36413,2026-03-12,Sai734,Mumbai
Laptop,Electronics,3,36389,2026-04-12,Kavya105,Chennai
Jacket,Clothing,7,2702,2026-09-21,Kavya419,Bangalore
Shoes,Footwear,8,3467,2026-02-03,Arjun352,Mumbai
Shirt,Clothing,1,852,2026-07-08,Kiran195,Chennai
Phone,Electronics,1,58664,2026-02-12,Meena931,Delhi
Smart TV,Electronics,1,34463,2026-06-29,Nikhil723,Bangalore
Backpack,Accessories,2,4976,2026-06-21,Kiran825,Hyderabad
Watch,Accessories,1,4667,2026-06-19,Nikhil492,Bangalore
Tablet,Electronics,2,26023,2026-01-09,Manoj384,Delhi
Backpack,Accessories,9,2088,2026-04-01,Ravi588,Mumbai
Shirt,Clothing,10,1214,2026-09-03,Kiran813,Chennai
Backpack,Accessories,6,3722,2026-03-15,Sneha208,Bangalore
Backpack,Accessories,5,1245,2026-07-27,Suresh479,Delhi
Jeans,Clothing,7,1870,2026-08-05,Swathi805,Hyderabad
Shirt,Clothing,4,703,2026-09-16,Sneha742,Hyderabad
Shoes,Footwear,5,3030,2026-09-23,Ramesh347,Mumbai
Smart TV,Electronics,8,39142,2026-09-08,Manoj487,Delhi
Headphones,Accessories,2,7336,2026-01-12,Swathi477,Chennai
Shoes,Footwear,6,1673,2026-04-17,Ravi674,Chennai
Smart TV,Electronics,4,66673,2026-05-05,Suresh108,Mumbai
Backpack,Accessories,7,1212,2026-01-06,Keerthi968,Hyderabad
Tablet,Electronics,4,27855,2026-06-26,Pavan470,Bangalore
Headphones,Accessories,3,5720,2026-04-10,Swathi373,Delhi
Shirt,Clothing,8,2052,2026-05-01,Kavya560,Delhi
Shirt,Clothing,5,2383,2026-02-12,Kavya529,Hyderabad
Saree,Clothing,8,8297,2026-03-28,Ravi519,Hyderabad
Phone,Electronics,1,24486,2026-03-07,Rahul454,Chennai
Shoes,Footwear,2,1673,2026-09-12,Vijay520,Delhi
Headphones,Accessories,5,7119,2026-06-26,Suresh397,Chennai
Saree,Clothing,5,3236,2026-05-21,Rahul883,Chennai
Tablet,Electronics,7,38346,2026-07-05,Rahul137,Hyderabad
Saree,Clothing,2,6896,2026-08-10,Ramesh706,Hyderabad
Laptop,Electronics,6,40706,2026-03-06,Vijay727,Delhi
Shirt,Clothing,8,2549,2026-07-13,Rahul971,Chennai
Phone,Electronics,4,29090,2026-01-10,Arjun749,Chennai
Smart TV,Electronics,10,48552,2026-07-16,Pavan504,Chennai
Shoes,Footwear,5,3576,2026-05-21,Arjun977,Chennai
Backpack,Accessories,5,1952,2026-05-04,Priya533,Mumbai
Saree,Clothing,8,3183,2026-07-12,Meena248,Bangalore
Saree,Clothing,7,7523,2026-03-11,Keerthi109,Mumbai
Laptop,Electronics,1,58346,2026-04-03,Keerthi577,Hyderabad
Saree,Clothing,9,1005,2026-06-12,Manoj710,Bangalore
Tablet,Electronics,1,38832,2026-03-20,Kiran601,Delhi
Laptop,Electronics,8,72437,2026-04-24,Priya536,Chennai
Saree,Clothing,2,3984,2026-04-22,Kavya829,Hyderabad
Laptop,Electronics,9,44857,2026-02-28,Kavya568,Chennai
Jacket,Clothing,2,4521,2026-08-19,Pavan271,Chennai
Tablet,Electronics,5,43333,2026-05-11,Arjun647,Hyderabad
Jacket,Clothing,10,5086,2026-08-24,Suresh553,Hyderabad
Tablet,Electronics,6,47505,2026-08-07,Arjun378,Hyderabad
Tablet,Electronics,10,22579,2026-01-14,Manoj583,Bangalore
Saree,Clothing,7,7315,2026-04-27,Kiran873,Mumbai
Shoes,Footwear,8,3763,2026-02-14,Suresh160,Bangalore
Shirt,Clothing,6,1662,2026-08-19,Suresh725,Bangalore
Headphones,Accessories,1,4123,2026-04-07,Nikhil630,Chennai
Shirt,Clothing,1,2393,2026-07-10,Sai390,Bangalore
Laptop,Electronics,6,33725,2026-08-13,Swathi467,Mumbai
Backpack,Accessories,4,4596,2026-09-09,Arjun964,Bangalore
Jacket,Clothing,2,3628,2026-09-28,Lakshmi270,Mumbai
Headphones,Accessories,10,7094,2026-07-17,Keerthi231,Hyderabad
Headphones,Accessories,6,6983,2026-02-04,Vijay997,Chennai
Jacket,Clothing,3,6270,2026-09-29,Ramesh117,Bangalore
Laptop,Electronics,4,57577,2026-04-08,Priya738,Hyderabad
Smart TV,Electronics,7,68469,2026-07-10,Pavan763,Mumbai
Saree,Clothing,8,9569,2026-08-31,Lakshmi801,Chennai
Shoes,Footwear,1,5513,2026-08-23,Nikhil206,Mumbai
Watch,Accessories,5,11095,2026-02-06,Meena184,Bangalore
Laptop,Electronics,1,53978,2026-07-05,Sai462,Delhi
Tablet,Electronics,2,32339,2026-02-28,Suresh734,Delhi
Laptop,Electronics,8,51559,2026-08-20,Sai701,Chennai
Backpack,Accessories,9,2005,2026-03-19,Ramesh618,Chennai
Tablet,Electronics,10,25679,2026-08-22,Arjun746,Delhi
Smart TV,Electronics,7,78229,2026-09-05,Swathi129,Mumbai
Laptop,Electronics,3,67325,2026-01-18,Manoj758,Bangalore
Shirt,Clothing,7,2109,2026-06-07,Sneha503,Mumbai
Backpack,Accessories,5,1338,2026-03-17,Divya209,Chennai
Headphones,Accessories,6,1758,2026-06-30,Meena357,Bangalore
Backpack,Accessories,4,3517,2026-03-17,Suresh392,Chennai
Watch,Accessories,10,2039,2026-01-04,Anjali888,Chennai
Headphones,Accessories,7,7934,2026-02-19,Swathi155,Chennai
Headphones,Accessories,6,2588,2026-04-07,Priya438,Bangalore
Headphones,Accessories,1,8137,2026-08-09,Ravi354,Hyderabad
Jacket,Clothing,2,5336,2026-02-05,Ramesh754,Hyderabad
Saree,Clothing,8,4264,2026-03-14,Kiran200,Chennai
Shoes,Footwear,7,1872,2026-01-01,Ramesh890,Chennai
Laptop,Electronics,9,64659,2026-01-14,Arjun902,Delhi
Backpack,Accessories,3,2478,2026-01-09,Rahul193,Hyderabad
Phone,Electronics,9,54303,2026-01-29,Anjali573,Delhi
Laptop,Electronics,10,67616,2026-06-04,Sai381,Delhi
Saree,Clothing,8,1315,2026-05-04,Anjali118,Chennai
Shoes,Footwear,9,2151,2026-08-02,Nikhil708,Hyderabad
Backpack,Accessories,10,4812,2026-05-02,Nikhil258,Chennai
Saree,Clothing,9,4673,2026-05-15,Rahul478,Chennai
Shoes,Footwear,6,6738,2026-05-28,Kiran309,Delhi
Headphones,Accessories,1,5073,2026-05-22,Sneha806,Mumbai
Tablet,Electronics,8,31415,2026-09-08,Ramesh995,Bangalore
Watch,Accessories,8,14656,2026-09-16,Sai198,Mumbai
Shirt,Clothing,6,1095,2026-05-25,Ravi365,Chennai
Watch,Accessories,1,3406,2026-09-10,Rahul777,Chennai
Backpack,Accessories,8,2078,2026-03-30,Suresh634,Chennai
Smart TV,Electronics,3,44247,2026-08-30,Priya639,Delhi
Jeans,Clothing,1,3352,2026-08-02,Sneha668,Bangalore
Jacket,Clothing,5,7079,2026-07-10,Sneha916,Hyderabad
Backpack,Accessories,5,4435,2026-01-22,Meena324,Hyderabad
Jeans,Clothing,3,2926,2026-06-07,Rahul352,Mumbai
Smart TV,Electronics,10,84432,2026-09-25,Ramesh320,Bangalore
Phone,Electronics,10,17509,2026-08-06,Rahul172,Hyderabad
Saree,Clothing,5,9637,2026-02-18,Kavya847,Delhi
Jacket,Clothing,5,3368,2026-03-17,Vijay147,Delhi
Backpack,Accessories,2,3596,2026-08-26,Kavya910,Hyderabad
Smart TV,Electronics,7,61824,2026-03-31,Divya923,Bangalore
Shirt,Clothing,9,500,2026-03-10,Nikhil888,Delhi
Tablet,Electronics,1,27704,2026-05-07,Swathi354,Hyderabad
Backpack,Accessories,1,1764,2026-04-14,Manoj339,Hyderabad
Jeans,Clothing,9,2984,2026-05-11,Manoj617,Chennai
Shirt,Clothing,6,1121,2026-03-18,Vijay394,Mumbai
Laptop,Electronics,5,69291,2026-08-14,Lakshmi946,Delhi
Tablet,Electronics,1,34415,2026-04-03,Kavya959,Chennai
Jacket,Clothing,2,7581,2026-01-05,Divya359,Bangalore
Shirt,Clothing,9,1755,2026-03-28,Rahul723,Chennai
Saree,Clothing,5,3882,2026-06-13,Vijay746,Chennai
Headphones,Accessories,9,6283,2026-03-17,Lakshmi481,Delhi
Shoes,Footwear,7,1822,2026-04-06,Anjali139,Chennai
Smart TV,Electronics,10,29880,2026-01-18,Vijay411,Bangalore
Smart TV,Electronics,8,51811,2026-09-24,Anjali113,Delhi
Watch,Accessories,8,4233,2026-03-23,Priya891,Chennai
Shoes,Footwear,2,6765,2026-05-31,Lakshmi752,Chennai
Tablet,Electronics,9,30189,2026-07-17,Anjali498,Mumbai
Watch,Accessories,9,13169,2026-04-09,Manoj883,Delhi
Watch,Accessories,9,3417,2026-01-20,Ravi843,Delhi
Shirt,Clothing,5,964,2026-09-11,Lakshmi134,Bangalore
Shirt,Clothing,6,2928,2026-07-20,Lakshmi733,Hyderabad
Watch,Accessories,6,7204,2026-09-16,Divya729,Delhi
Phone,Electronics,7,25108,2026-04-30,Pavan359,Bangalore
Jeans,Clothing,8,3675,2026-03-31,Rahul767,Chennai
Shirt,Clothing,5,1945,2026-06-29,Nikhil748,Chennai
Jeans,Clothing,10,1373,2026-01-06,Divya749,Mumbai
Headphones,Accessories,7,5210,2026-01-06,Kiran556,Mumbai
Watch,Accessories,8,3204,2026-08-28,Ramesh955,Mumbai
Laptop,Electronics,5,30582,2026-04-14,Swathi338,Hyderabad
Jeans,Clothing,5,2391,2026-05-24,Anjali860,Bangalore
Shirt,Clothing,7,1600,2026-03-04,Anjali973,Delhi
Shirt,Clothing,3,1321,2026-03-19,Divya969,Bangalore
Shirt,Clothing,8,535,2026-08-10,Arjun226,Delhi
Jeans,Clothing,9,2473,2026-08-02,Arjun579,Mumbai
Tablet,Electronics,2,18662,2026-06-15,Kiran597,Bangalore
Jeans,Clothing,7,3587,2026-04-30,Arjun569,Chennai
Phone,Electronics,7,52117,2026-07-25,Ravi533,Bangalore
Saree,Clothing,2,8342,2026-09-11,Keerthi681,Mumbai
Smart TV,Electronics,2,68633,2026-05-01,Sai126,Hyderabad
Tablet,Electronics,3,22849,2026-05-10,Rahul190,Chennai
Backpack,Accessories,8,2730,2026-03-20,Kavya773,Bangalore
Laptop,Electronics,10,68872,2026-05-09,Rahul126,Delhi
Headphones,Accessories,10,7284,2026-08-29,Arjun856,Chennai
Jeans,Clothing,3,3114,2026-03-27,Sneha309,Mumbai
Smart TV,Electronics,7,64428,2026-05-24,Nikhil108,Mumbai
Headphones,Accessories,8,3429,2026-01-29,Suresh913,Delhi
Tablet,Electronics,4,28268,2026-02-20,Anjali633,Bangalore
Laptop,Electronics,10,48568,2026-08-18,Sai657,Delhi
Jacket,Clothing,6,4496,2026-02-16,Anjali546,Bangalore
Jacket,Clothing,2,3444,2026-05-07,Keerthi827,Chennai
Tablet,Electronics,9,32591,2026-08-15,Sneha575,Chennai
Smart TV,Electronics,4,56132,2026-06-10,Manoj427,Mumbai
Watch,Accessories,4,10455,2026-06-09,Rahul841,Mumbai
Laptop,Electronics,5,30278,2026-08-09,Sai997,Chennai
Tablet,Electronics,9,44481,2026-06-28,Ramesh497,Delhi
Phone,Electronics,2,54751,2026-03-28,Ramesh280,Mumbai
Laptop,Electronics,4,50201,2026-04-19,Arjun812,Mumbai
Saree,Clothing,1,6707,2026-03-16,Vijay466,Delhi
Shoes,Footwear,2,2683,2026-08-15,Swathi588,Delhi
Watch,Accessories,6,14457,2026-07-28,Divya145,Bangalore
Watch,Accessories,6,4697,2026-02-08,Arjun660,Delhi
Tablet,Electronics,7,46273,2026-05-27,Ramesh124,Bangalore
Smart TV,Electronics,5,34661,2026-06-09,Vijay529,Hyderabad
Smart TV,Electronics,6,87729,2026-05-27,Nikhil427,Mumbai
Headphones,Accessories,1,2498,2026-05-07,Meena163,Chennai
Jacket,Clothing,5,5113,2026-03-13,Sai968,Chennai
Jacket,Clothing,8,7109,2026-07-24,Keerthi928,Chennai
Saree,Clothing,10,3643,2026-03-26,Lakshmi250,Hyderabad
Saree,Clothing,3,3555,2026-08-25,Divya456,Hyderabad
Shirt,Clothing,8,1761,2026-09-28,Divya205,Mumbai
Jacket,Clothing,8,4629,2026-07-21,Rahul367,Mumbai
Shirt,Clothing,6,548,2026-09-29,Sneha202,Delhi
Smart TV,Electronics,4,80640,2026-04-24,Ravi854,Mumbai
Backpack,Accessories,4,3493,2026-05-09,Keerthi553,Hyderabad
Saree,Clothing,4,6334,2026-07-20,Arjun503,Chennai
Laptop,Electronics,4,47843,2026-01-02,Kavya601,Hyderabad
Laptop,Electronics,9,59273,2026-07-06,Sai722,Delhi
Saree,Clothing,3,3159,2026-06-07,Meena433,Bangalore
Shirt,Clothing,1,934,2026-07-14,Kiran763,Chennai
Tablet,Electronics,10,30627,2026-04-04,Meena954,Hyderabad
Shoes,Footwear,2,5214,2026-02-10,Suresh250,Mumbai
Saree,Clothing,9,9374,2026-02-08,Sneha696,Mumbai
Backpack,Accessories,1,1024,2026-06-14,Rahul347,Delhi
Backpack,Accessories,9,3237,2026-03-21,Keerthi275,Delhi
Phone,Electronics,8,29660,2026-04-13,Manoj453,Delhi
Backpack,Accessories,2,4309,2026-01-18,Nikhil952,Chennai
Jeans,Clothing,6,1683,2026-03-10,Meena361,Hyderabad
Smart TV,Electronics,4,71078,2026-03-01,Rahul436,Hyderabad
Watch,Accessories,10,11733,2026-09-26,Divya352,Hyderabad
Saree,Clothing,3,8557,2026-06-12,Lakshmi887,Mumbai
Shirt,Clothing,3,2768,2026-06-14,Sai411,Delhi
Smart TV,Electronics,1,61513,2026-07-20,Lakshmi333,Delhi
Tablet,Electronics,2,29828,2026-08-07,Keerthi770,Bangalore
Backpack,Accessories,7,4466,2026-05-12,Kavya458,Chennai
Laptop,Electronics,10,42387,2026-03-16,Ramesh254,Delhi
Watch,Accessories,1,6864,2026-03-20,Rahul806,Chennai
Smart TV,Electronics,9,71741,2026-07-13,Pavan603,Bangalore
Smart TV,Electronics,7,78318,2026-07-29,Lakshmi648,Hyderabad
Laptop,Electronics,8,72974,2026-07-04,Anjali621,Bangalore
